{"Time":57007.0,"V1":-1.2712441917,"V2":2.4626752685,"V3":-2.8513950033,"V4":2.3244800653,"V5":-1.3722448898,"V6":-0.9481956865,"V7":-3.0652343617,"V8":1.1669269479,"V9":-2.2687705884,"V10":-4.8811429269,"V11":2.2551474887,"V12":-4.6863868976,"V13":0.6523746685,"V14":-6.174288348,"V15":0.594379608,"V16":-4.8496923871,"V17":-6.5365207353,"V18":-3.1190938816,"V19":1.7154944198,"V20":0.5604780757,"V21":0.6529410513,"V22":0.0819309764,"V23":-0.2213478312,"V24":-0.5235821592,"V25":0.2242281619,"V26":0.7563345227,"V27":0.6328004773,"V28":0.2501870928,"Amount":0.01}